n_full	n_placebo	n_null	total_epochs	null_per_pair	fn_construction	stopping	p_full	p_placebo	p_null	d	role	replicates	joint_state	count	share	lb_fp_q00	lb_fp_q10	lb_fp_q25	lb_fp_q50	lb_fp_q75	lb_fp_q90	lb_fp_q100	lb_fn_q00	lb_fn_q10	lb_fn_q25	lb_fn_q50	lb_fn_q75	lb_fn_q90	lb_fn_q100	ub_fp_q00	ub_fp_q10	ub_fp_q25	ub_fp_q50	ub_fp_q75	ub_fp_q90	ub_fp_q100
97	97	97	291	1.00	union	anytime	0.35	0.35	0.35	0.00	no-lift	200	fp_passes_fn_fails	0	0.00000	NA	NA	NA	NA	NA	NA	NA	NA	NA	NA	NA	NA	NA	NA	NA	NA	NA	NA	NA	NA	NA
97	97	97	291	1.00	union	anytime	0.35	0.35	0.35	0.00	no-lift	200	fn_passes_fp_fails	0	0.00000	NA	NA	NA	NA	NA	NA	NA	NA	NA	NA	NA	NA	NA	NA	NA	NA	NA	NA	NA	NA	NA
97	97	97	291	1.00	union	anytime	0.35	0.35	0.35	0.00	no-lift	200	neither_passes	86	0.43000	-0.2415	-0.2028	-0.1799	-0.1525	-0.1264	-0.0893	0.0176	-0.4349	-0.3850	-0.3525	-0.2998	-0.2501	-0.2118	-0.1719	0.2032	0.2182	0.2336	0.2575	0.2852	0.3051	0.4150
97	97	97	291	1.00	union	anytime	0.35	0.35	0.35	0.00	no-lift	200	both_pass	0	0.00000	NA	NA	NA	NA	NA	NA	NA	NA	NA	NA	NA	NA	NA	NA	NA	NA	NA	NA	NA	NA	NA
97	97	48	242	0.50	union	anytime	0.35	0.35	0.35	0.00	no-lift	200	fp_passes_fn_fails	0	0.00000	NA	NA	NA	NA	NA	NA	NA	NA	NA	NA	NA	NA	NA	NA	NA	NA	NA	NA	NA	NA	NA
97	97	48	242	0.50	union	anytime	0.35	0.35	0.35	0.00	no-lift	200	fn_passes_fp_fails	0	0.00000	NA	NA	NA	NA	NA	NA	NA	NA	NA	NA	NA	NA	NA	NA	NA	NA	NA	NA	NA	NA	NA
97	97	48	242	0.50	union	anytime	0.35	0.35	0.35	0.00	no-lift	200	neither_passes	86	0.43000	-0.2415	-0.2028	-0.1799	-0.1525	-0.1264	-0.0893	0.0176	-0.2690	-0.1595	-0.1346	-0.0976	-0.0490	-0.0231	0.0168	0.2032	0.2182	0.2336	0.2575	0.2852	0.3051	0.4150
97	97	48	242	0.50	union	anytime	0.35	0.35	0.35	0.00	no-lift	200	both_pass	0	0.00000	NA	NA	NA	NA	NA	NA	NA	NA	NA	NA	NA	NA	NA	NA	NA	NA	NA	NA	NA	NA	NA
97	97	97	291	1.00	direct	anytime	0.35	0.35	0.35	0.00	no-lift	200	fp_passes_fn_fails	0	0.00000	NA	NA	NA	NA	NA	NA	NA	NA	NA	NA	NA	NA	NA	NA	NA	NA	NA	NA	NA	NA	NA
97	97	97	291	1.00	direct	anytime	0.35	0.35	0.35	0.00	no-lift	200	fn_passes_fp_fails	0	0.00000	NA	NA	NA	NA	NA	NA	NA	NA	NA	NA	NA	NA	NA	NA	NA	NA	NA	NA	NA	NA	NA
97	97	97	291	1.00	direct	anytime	0.35	0.35	0.35	0.00	no-lift	200	neither_passes	86	0.43000	-0.2415	-0.2028	-0.1799	-0.1525	-0.1264	-0.0893	0.0176	-0.3060	-0.2616	-0.2345	-0.1914	-0.1250	-0.0731	-0.0286	0.2032	0.2182	0.2336	0.2575	0.2852	0.3051	0.4150
97	97	97	291	1.00	direct	anytime	0.35	0.35	0.35	0.00	no-lift	200	both_pass	0	0.00000	NA	NA	NA	NA	NA	NA	NA	NA	NA	NA	NA	NA	NA	NA	NA	NA	NA	NA	NA	NA	NA
97	97	97	291	1.00	union	anytime	0.45	0.35	0.35	0.10	no-lift	200	fp_passes_fn_fails	0	0.00000	NA	NA	NA	NA	NA	NA	NA	NA	NA	NA	NA	NA	NA	NA	NA	NA	NA	NA	NA	NA	NA
97	97	97	291	1.00	union	anytime	0.45	0.35	0.35	0.10	no-lift	200	fn_passes_fp_fails	0	0.00000	NA	NA	NA	NA	NA	NA	NA	NA	NA	NA	NA	NA	NA	NA	NA	NA	NA	NA	NA	NA	NA
97	97	97	291	1.00	union	anytime	0.45	0.35	0.35	0.10	no-lift	200	neither_passes	163	0.81500	-0.2522	-0.1813	-0.1391	-0.1002	-0.0527	-0.0043	0.1092	-0.4353	-0.3282	-0.2840	-0.2325	-0.1754	-0.1374	-0.0285	0.2105	0.2424	0.2692	0.3060	0.3529	0.4045	0.5209
97	97	97	291	1.00	union	anytime	0.45	0.35	0.35	0.10	no-lift	200	both_pass	0	0.00000	NA	NA	NA	NA	NA	NA	NA	NA	NA	NA	NA	NA	NA	NA	NA	NA	NA	NA	NA	NA	NA
97	97	48	242	0.50	union	anytime	0.45	0.35	0.35	0.10	no-lift	200	fp_passes_fn_fails	0	0.00000	NA	NA	NA	NA	NA	NA	NA	NA	NA	NA	NA	NA	NA	NA	NA	NA	NA	NA	NA	NA	NA
97	97	48	242	0.50	union	anytime	0.45	0.35	0.35	0.10	no-lift	200	fn_passes_fp_fails	0	0.00000	NA	NA	NA	NA	NA	NA	NA	NA	NA	NA	NA	NA	NA	NA	NA	NA	NA	NA	NA	NA	NA
97	97	48	242	0.50	union	anytime	0.45	0.35	0.35	0.10	no-lift	200	neither_passes	163	0.81500	-0.2522	-0.1813	-0.1391	-0.1002	-0.0527	-0.0043	0.1092	-0.2067	-0.1125	-0.0683	-0.0288	0.0222	0.0501	0.1216	0.2105	0.2424	0.2692	0.3060	0.3529	0.4045	0.5209
97	97	48	242	0.50	union	anytime	0.45	0.35	0.35	0.10	no-lift	200	both_pass	0	0.00000	NA	NA	NA	NA	NA	NA	NA	NA	NA	NA	NA	NA	NA	NA	NA	NA	NA	NA	NA	NA	NA
97	97	97	291	1.00	direct	anytime	0.45	0.35	0.35	0.10	no-lift	200	fp_passes_fn_fails	0	0.00000	NA	NA	NA	NA	NA	NA	NA	NA	NA	NA	NA	NA	NA	NA	NA	NA	NA	NA	NA	NA	NA
97	97	97	291	1.00	direct	anytime	0.45	0.35	0.35	0.10	no-lift	200	fn_passes_fp_fails	0	0.00000	NA	NA	NA	NA	NA	NA	NA	NA	NA	NA	NA	NA	NA	NA	NA	NA	NA	NA	NA	NA	NA
97	97	97	291	1.00	direct	anytime	0.45	0.35	0.35	0.10	no-lift	200	neither_passes	163	0.81500	-0.2522	-0.1813	-0.1391	-0.1002	-0.0527	-0.0043	0.1092	-0.3285	-0.2056	-0.1622	-0.1050	-0.0519	-0.0089	0.0679	0.2105	0.2424	0.2692	0.3060	0.3529	0.4045	0.5209
97	97	97	291	1.00	direct	anytime	0.45	0.35	0.35	0.10	no-lift	200	both_pass	0	0.00000	NA	NA	NA	NA	NA	NA	NA	NA	NA	NA	NA	NA	NA	NA	NA	NA	NA	NA	NA	NA	NA
97	97	97	291	1.00	union	anytime	0.50	0.35	0.35	0.15	no-lift	200	fp_passes_fn_fails	0	0.00000	NA	NA	NA	NA	NA	NA	NA	NA	NA	NA	NA	NA	NA	NA	NA	NA	NA	NA	NA	NA	NA
97	97	97	291	1.00	union	anytime	0.50	0.35	0.35	0.15	no-lift	200	fn_passes_fp_fails	0	0.00000	NA	NA	NA	NA	NA	NA	NA	NA	NA	NA	NA	NA	NA	NA	NA	NA	NA	NA	NA	NA	NA
97	97	97	291	1.00	union	anytime	0.50	0.35	0.35	0.15	no-lift	200	neither_passes	187	0.93500	-0.2145	-0.1451	-0.1129	-0.0662	-0.0185	0.0237	0.1504	-0.3333	-0.2761	-0.2356	-0.1891	-0.1405	-0.0964	0.0858	0.2074	0.2635	0.2964	0.3442	0.3946	0.4506	0.5923
97	97	97	291	1.00	union	anytime	0.50	0.35	0.35	0.15	no-lift	200	both_pass	0	0.00000	NA	NA	NA	NA	NA	NA	NA	NA	NA	NA	NA	NA	NA	NA	NA	NA	NA	NA	NA	NA	NA
97	97	48	242	0.50	union	anytime	0.50	0.35	0.35	0.15	no-lift	200	fp_passes_fn_fails	0	0.00000	NA	NA	NA	NA	NA	NA	NA	NA	NA	NA	NA	NA	NA	NA	NA	NA	NA	NA	NA	NA	NA
97	97	48	242	0.50	union	anytime	0.50	0.35	0.35	0.15	no-lift	200	fn_passes_fp_fails	2	0.01000	-0.0078	-0.0068	-0.0053	-0.0029	-0.0004	0.0011	0.0021	0.2063	0.2094	0.2142	0.2221	0.2299	0.2347	0.2378	0.3409	0.3525	0.3699	0.3989	0.4279	0.4452	0.4568
97	97	48	242	0.50	union	anytime	0.50	0.35	0.35	0.15	no-lift	200	neither_passes	185	0.92500	-0.2145	-0.1457	-0.1131	-0.0662	-0.0187	0.0237	0.1504	-0.1352	-0.0568	-0.0295	0.0140	0.0511	0.0970	0.1612	0.2074	0.2633	0.2963	0.3442	0.3938	0.4476	0.5923
97	97	48	242	0.50	union	anytime	0.50	0.35	0.35	0.15	no-lift	200	both_pass	0	0.00000	NA	NA	NA	NA	NA	NA	NA	NA	NA	NA	NA	NA	NA	NA	NA	NA	NA	NA	NA	NA	NA
97	97	97	291	1.00	direct	anytime	0.50	0.35	0.35	0.15	no-lift	200	fp_passes_fn_fails	0	0.00000	NA	NA	NA	NA	NA	NA	NA	NA	NA	NA	NA	NA	NA	NA	NA	NA	NA	NA	NA	NA	NA
97	97	97	291	1.00	direct	anytime	0.50	0.35	0.35	0.15	no-lift	200	fn_passes_fp_fails	0	0.00000	NA	NA	NA	NA	NA	NA	NA	NA	NA	NA	NA	NA	NA	NA	NA	NA	NA	NA	NA	NA	NA
97	97	97	291	1.00	direct	anytime	0.50	0.35	0.35	0.15	no-lift	200	neither_passes	187	0.93500	-0.2145	-0.1451	-0.1129	-0.0662	-0.0185	0.0237	0.1504	-0.2278	-0.1417	-0.1047	-0.0599	-0.0129	0.0316	0.1802	0.2074	0.2635	0.2964	0.3442	0.3946	0.4506	0.5923
97	97	97	291	1.00	direct	anytime	0.50	0.35	0.35	0.15	no-lift	200	both_pass	0	0.00000	NA	NA	NA	NA	NA	NA	NA	NA	NA	NA	NA	NA	NA	NA	NA	NA	NA	NA	NA	NA	NA
97	97	97	291	1.00	union	anytime	0.55	0.35	0.35	0.20	calibration	200	fp_passes_fn_fails	0	0.00000	NA	NA	NA	NA	NA	NA	NA	NA	NA	NA	NA	NA	NA	NA	NA	NA	NA	NA	NA	NA	NA
97	97	97	291	1.00	union	anytime	0.55	0.35	0.35	0.20	calibration	200	fn_passes_fp_fails	0	0.00000	NA	NA	NA	NA	NA	NA	NA	NA	NA	NA	NA	NA	NA	NA	NA	NA	NA	NA	NA	NA	NA
97	97	97	291	1.00	union	anytime	0.55	0.35	0.35	0.20	calibration	200	neither_passes	193	0.96500	-0.2103	-0.1337	-0.0706	-0.0237	0.0301	0.0681	0.1859	-0.3600	-0.2525	-0.2027	-0.1487	-0.0868	-0.0382	0.0558	0.2215	0.3013	0.3423	0.3835	0.4397	0.4865	0.5617
97	97	97	291	1.00	union	anytime	0.55	0.35	0.35	0.20	calibration	200	both_pass	0	0.00000	NA	NA	NA	NA	NA	NA	NA	NA	NA	NA	NA	NA	NA	NA	NA	NA	NA	NA	NA	NA	NA
97	97	48	242	0.50	union	anytime	0.55	0.35	0.35	0.20	calibration	200	fp_passes_fn_fails	0	0.00000	NA	NA	NA	NA	NA	NA	NA	NA	NA	NA	NA	NA	NA	NA	NA	NA	NA	NA	NA	NA	NA
97	97	48	242	0.50	union	anytime	0.55	0.35	0.35	0.20	calibration	200	fn_passes_fp_fails	5	0.02500	-0.0089	0.0013	0.0165	0.0472	0.0596	0.0610	0.0619	0.2022	0.2023	0.2024	0.2024	0.2188	0.2196	0.2201	0.4368	0.4485	0.4659	0.4752	0.4889	0.5207	0.5419
97	97	48	242	0.50	union	anytime	0.55	0.35	0.35	0.20	calibration	200	neither_passes	188	0.94000	-0.2103	-0.1349	-0.0719	-0.0244	0.0276	0.0706	0.1859	-0.1580	-0.0455	-0.0007	0.0542	0.1014	0.1382	0.1958	0.2215	0.3005	0.3406	0.3825	0.4370	0.4832	0.5617
97	97	48	242	0.50	union	anytime	0.55	0.35	0.35	0.20	calibration	200	both_pass	0	0.00000	NA	NA	NA	NA	NA	NA	NA	NA	NA	NA	NA	NA	NA	NA	NA	NA	NA	NA	NA	NA	NA
97	97	97	291	1.00	direct	anytime	0.55	0.35	0.35	0.20	calibration	200	fp_passes_fn_fails	0	0.00000	NA	NA	NA	NA	NA	NA	NA	NA	NA	NA	NA	NA	NA	NA	NA	NA	NA	NA	NA	NA	NA
97	97	97	291	1.00	direct	anytime	0.55	0.35	0.35	0.20	calibration	200	fn_passes_fp_fails	0	0.00000	NA	NA	NA	NA	NA	NA	NA	NA	NA	NA	NA	NA	NA	NA	NA	NA	NA	NA	NA	NA	NA
97	97	97	291	1.00	direct	anytime	0.55	0.35	0.35	0.20	calibration	200	neither_passes	192	0.96000	-0.2103	-0.1339	-0.0709	-0.0240	0.0289	0.0637	0.1717	-0.2342	-0.1229	-0.0830	-0.0248	0.0410	0.0855	0.1627	0.2215	0.3011	0.3419	0.3834	0.4380	0.4841	0.5568
97	97	97	291	1.00	direct	anytime	0.55	0.35	0.35	0.20	calibration	200	both_pass	0	0.00000	NA	NA	NA	NA	NA	NA	NA	NA	NA	NA	NA	NA	NA	NA	NA	NA	NA	NA	NA	NA	NA
97	97	97	291	1.00	union	anytime	0.60	0.35	0.35	0.25	small real effect	200	fp_passes_fn_fails	1	0.00500	0.2144	0.2144	0.2144	0.2144	0.2144	0.2144	0.2144	-0.1225	-0.1225	-0.1225	-0.1225	-0.1225	-0.1225	-0.1225	0.5178	0.5178	0.5178	0.5178	0.5178	0.5178	0.5178
97	97	97	291	1.00	union	anytime	0.60	0.35	0.35	0.25	small real effect	200	fn_passes_fp_fails	0	0.00000	NA	NA	NA	NA	NA	NA	NA	NA	NA	NA	NA	NA	NA	NA	NA	NA	NA	NA	NA	NA	NA
97	97	97	291	1.00	union	anytime	0.60	0.35	0.35	0.25	small real effect	200	neither_passes	197	0.98500	-0.1480	-0.0538	-0.0178	0.0368	0.0871	0.1270	0.1937	-0.3124	-0.2072	-0.1422	-0.0956	-0.0492	0.0068	0.1592	0.2861	0.3537	0.3962	0.4433	0.4927	0.5266	0.6345
97	97	97	291	1.00	union	anytime	0.60	0.35	0.35	0.25	small real effect	200	both_pass	0	0.00000	NA	NA	NA	NA	NA	NA	NA	NA	NA	NA	NA	NA	NA	NA	NA	NA	NA	NA	NA	NA	NA
97	97	48	242	0.50	union	anytime	0.60	0.35	0.35	0.25	small real effect	200	fp_passes_fn_fails	1	0.00500	0.2144	0.2144	0.2144	0.2144	0.2144	0.2144	0.2144	0.1404	0.1404	0.1404	0.1404	0.1404	0.1404	0.1404	0.5178	0.5178	0.5178	0.5178	0.5178	0.5178	0.5178
97	97	48	242	0.50	union	anytime	0.60	0.35	0.35	0.25	small real effect	200	fn_passes_fp_fails	20	0.10000	-0.1144	0.0252	0.0502	0.1077	0.1275	0.1576	0.1853	0.2044	0.2097	0.2225	0.2321	0.2586	0.2667	0.3017	0.3599	0.4445	0.4749	0.5095	0.5337	0.5802	0.6345
97	97	48	242	0.50	union	anytime	0.60	0.35	0.35	0.25	small real effect	200	neither_passes	177	0.88500	-0.1480	-0.0547	-0.0283	0.0323	0.0800	0.1204	0.1937	-0.1011	0.0034	0.0540	0.1007	0.1380	0.1717	0.1998	0.2861	0.3492	0.3918	0.4319	0.4870	0.5202	0.6270
97	97	48	242	0.50	union	anytime	0.60	0.35	0.35	0.25	small real effect	200	both_pass	0	0.00000	NA	NA	NA	NA	NA	NA	NA	NA	NA	NA	NA	NA	NA	NA	NA	NA	NA	NA	NA	NA	NA
97	97	97	291	1.00	direct	anytime	0.60	0.35	0.35	0.25	small real effect	200	fp_passes_fn_fails	0	0.00000	NA	NA	NA	NA	NA	NA	NA	NA	NA	NA	NA	NA	NA	NA	NA	NA	NA	NA	NA	NA	NA
97	97	97	291	1.00	direct	anytime	0.60	0.35	0.35	0.25	small real effect	200	fn_passes_fp_fails	5	0.02500	0.0239	0.0319	0.0438	0.0745	0.0901	0.1103	0.1238	0.2034	0.2053	0.2081	0.2110	0.2185	0.2464	0.2651	0.4446	0.4691	0.5059	0.5131	0.5255	0.5397	0.5493
97	97	97	291	1.00	direct	anytime	0.60	0.35	0.35	0.25	small real effect	200	neither_passes	187	0.93500	-0.1480	-0.0547	-0.0250	0.0341	0.0832	0.1218	0.1937	-0.1722	-0.0729	-0.0140	0.0294	0.0757	0.1149	0.1778	0.2861	0.3508	0.3931	0.4389	0.4889	0.5192	0.6345
97	97	97	291	1.00	direct	anytime	0.60	0.35	0.35	0.25	small real effect	200	both_pass	0	0.00000	NA	NA	NA	NA	NA	NA	NA	NA	NA	NA	NA	NA	NA	NA	NA	NA	NA	NA	NA	NA	NA
97	97	97	291	1.00	union	anytime	0.65	0.35	0.35	0.30	real effect	200	fp_passes_fn_fails	13	0.06500	0.2010	0.2028	0.2102	0.2154	0.2320	0.2571	0.2996	-0.1419	-0.0417	-0.0349	0.0151	0.0382	0.0834	0.1747	0.5599	0.5730	0.5856	0.6112	0.6171	0.6309	0.6981
97	97	97	291	1.00	union	anytime	0.65	0.35	0.35	0.30	real effect	200	fn_passes_fp_fails	0	0.00000	NA	NA	NA	NA	NA	NA	NA	NA	NA	NA	NA	NA	NA	NA	NA	NA	NA	NA	NA	NA	NA
97	97	97	291	1.00	union	anytime	0.65	0.35	0.35	0.30	real effect	200	neither_passes	187	0.93500	-0.1231	-0.0105	0.0308	0.0780	0.1249	0.1603	0.1999	-0.2775	-0.1511	-0.1091	-0.0529	0.0024	0.0408	0.1985	0.2519	0.3935	0.4314	0.4829	0.5231	0.5599	0.6303
97	97	97	291	1.00	union	anytime	0.65	0.35	0.35	0.30	real effect	200	both_pass	0	0.00000	NA	NA	NA	NA	NA	NA	NA	NA	NA	NA	NA	NA	NA	NA	NA	NA	NA	NA	NA	NA	NA
97	97	48	242	0.50	union	anytime	0.65	0.35	0.35	0.30	real effect	200	fp_passes_fn_fails	4	0.02000	0.2013	0.2040	0.2079	0.2169	0.2292	0.2394	0.2462	0.1283	0.1376	0.1514	0.1698	0.1839	0.1903	0.1945	0.5599	0.5753	0.5985	0.6127	0.6148	0.6162	0.6171
97	97	48	242	0.50	union	anytime	0.65	0.35	0.35	0.30	real effect	200	fn_passes_fp_fails	41	0.20500	0.0258	0.0614	0.0893	0.1198	0.1613	0.1904	0.1999	0.2004	0.2046	0.2094	0.2296	0.2439	0.2824	0.3439	0.4047	0.4568	0.4829	0.5315	0.5616	0.5922	0.6154
97	97	48	242	0.50	union	anytime	0.65	0.35	0.35	0.30	real effect	200	neither_passes	146	0.73000	-0.1231	-0.0233	0.0197	0.0700	0.1085	0.1448	0.1969	-0.0017	0.0499	0.1054	0.1386	0.1676	0.1841	0.1998	0.2519	0.3876	0.4221	0.4683	0.5116	0.5483	0.6303
97	97	48	242	0.50	union	anytime	0.65	0.35	0.35	0.30	real effect	200	both_pass	9	0.04500	0.2010	0.2074	0.2112	0.2154	0.2320	0.2678	0.2996	0.2058	0.2066	0.2172	0.2480	0.2528	0.2865	0.3408	0.5725	0.5745	0.5856	0.6106	0.6202	0.6465	0.6981
97	97	97	291	1.00	direct	anytime	0.65	0.35	0.35	0.30	real effect	200	fp_passes_fn_fails	0	0.00000	NA	NA	NA	NA	NA	NA	NA	NA	NA	NA	NA	NA	NA	NA	NA	NA	NA	NA	NA	NA	NA
97	97	97	291	1.00	direct	anytime	0.65	0.35	0.35	0.30	real effect	200	fn_passes_fp_fails	6	0.03000	-0.0121	0.0166	0.0493	0.0753	0.1084	0.1469	0.1791	0.2024	0.2026	0.2037	0.2072	0.2331	0.2675	0.2936	0.3518	0.3782	0.4244	0.5029	0.5295	0.5737	0.6154
97	97	97	291	1.00	direct	anytime	0.65	0.35	0.35	0.30	real effect	200	neither_passes	174	0.87000	-0.1231	-0.0143	0.0280	0.0770	0.1183	0.1488	0.1969	-0.1339	-0.0200	0.0240	0.0707	0.1221	0.1507	0.1953	0.2519	0.3934	0.4302	0.4805	0.5210	0.5524	0.6095
97	97	97	291	1.00	direct	anytime	0.65	0.35	0.35	0.30	real effect	200	both_pass	0	0.00000	NA	NA	NA	NA	NA	NA	NA	NA	NA	NA	NA	NA	NA	NA	NA	NA	NA	NA	NA	NA	NA
97	97	97	291	1.00	union	anytime	0.75	0.35	0.35	0.40	real effect	200	fp_passes_fn_fails	84	0.42000	0.2017	0.2148	0.2219	0.2462	0.2727	0.3042	0.3381	-0.0472	0.0145	0.0579	0.0971	0.1436	0.1581	0.1941	0.5494	0.5803	0.5996	0.6293	0.6660	0.6855	0.7483
97	97	97	291	1.00	union	anytime	0.75	0.35	0.35	0.40	real effect	200	fn_passes_fp_fails	0	0.00000	NA	NA	NA	NA	NA	NA	NA	NA	NA	NA	NA	NA	NA	NA	NA	NA	NA	NA	NA	NA	NA
97	97	97	291	1.00	union	anytime	0.75	0.35	0.35	0.40	real effect	200	neither_passes	105	0.52500	-0.0370	0.0760	0.1167	0.1489	0.1831	0.1939	0.1997	-0.1864	-0.0584	0.0010	0.0570	0.1088	0.1502	0.1931	0.3610	0.4517	0.5000	0.5320	0.5723	0.6123	0.6956
97	97	97	291	1.00	union	anytime	0.75	0.35	0.35	0.40	real effect	200	both_pass	0	0.00000	NA	NA	NA	NA	NA	NA	NA	NA	NA	NA	NA	NA	NA	NA	NA	NA	NA	NA	NA	NA	NA
97	97	48	242	0.50	union	anytime	0.75	0.35	0.35	0.40	real effect	200	fp_passes_fn_fails	2	0.01000	0.2255	0.2291	0.2345	0.2435	0.2524	0.2578	0.2614	0.1509	0.1539	0.1583	0.1657	0.1730	0.1775	0.1804	0.5955	0.5988	0.6039	0.6123	0.6207	0.6257	0.6291
97	97	48	242	0.50	union	anytime	0.75	0.35	0.35	0.40	real effect	200	fn_passes_fp_fails	76	0.38000	0.0525	0.0878	0.1218	0.1570	0.1841	0.1939	0.1990	0.2110	0.2245	0.2403	0.2719	0.3060	0.3434	0.4020	0.4082	0.4742	0.5109	0.5383	0.5745	0.6061	0.6956
97	97	48	242	0.50	union	anytime	0.75	0.35	0.35	0.40	real effect	200	neither_passes	29	0.14500	-0.0370	0.0409	0.1072	0.1391	0.1745	0.1925	0.1997	0.0353	0.0954	0.1428	0.1701	0.1856	0.1957	0.1983	0.3610	0.4184	0.4718	0.5108	0.5657	0.6219	0.6929
97	97	48	242	0.50	union	anytime	0.75	0.35	0.35	0.40	real effect	200	both_pass	87	0.43500	0.2017	0.2156	0.2232	0.2470	0.2728	0.3092	0.3487	0.2080	0.2343	0.2767	0.3150	0.3486	0.3748	0.4201	0.5494	0.5809	0.6017	0.6379	0.6677	0.6910	0.7483
97	97	97	291	1.00	direct	anytime	0.75	0.35	0.35	0.40	real effect	200	fp_passes_fn_fails	0	0.00000	NA	NA	NA	NA	NA	NA	NA	NA	NA	NA	NA	NA	NA	NA	NA	NA	NA	NA	NA	NA	NA
97	97	97	291	1.00	direct	anytime	0.75	0.35	0.35	0.40	real effect	200	fn_passes_fp_fails	39	0.19500	0.0525	0.1063	0.1361	0.1572	0.1802	0.1878	0.1952	0.2008	0.2071	0.2116	0.2257	0.2578	0.2904	0.3319	0.4484	0.4885	0.5118	0.5457	0.5715	0.5991	0.6273
97	97	97	291	1.00	direct	anytime	0.75	0.35	0.35	0.40	real effect	200	neither_passes	51	0.25500	-0.0370	0.0662	0.0882	0.1232	0.1594	0.1858	0.1990	-0.0584	0.0413	0.0845	0.1353	0.1629	0.1799	0.1998	0.3610	0.4271	0.4729	0.5158	0.5526	0.6196	0.6956
97	97	97	291	1.00	direct	anytime	0.75	0.35	0.35	0.40	real effect	200	both_pass	0	0.00000	NA	NA	NA	NA	NA	NA	NA	NA	NA	NA	NA	NA	NA	NA	NA	NA	NA	NA	NA	NA	NA
