date	unit	decision	why	evidence	result
2026-09-16	0	Merge PR 591 before branching	The port needs a clean green baseline rather than a stack on an open PR	head 21e220fe equalled the branch ref, 22 of 22 checks SUCCESS	merged at e8c3791
2026-09-16	0	Capture the baseline before any change	Every later check must read as an old value against a new one	site built from e8c3791 and driven in Chromium	fold 610.4px classic scrollbar, 581.0px suppressed, at 360x640
2026-09-16	0	Record the fold figure the prior session carried as refuted	626.6px and its 656px qualification reproduce on neither scrollbar condition	rebuilt the same tree with --landing and measured getBoundingClientRect	both figures refuted, page clears 640 anyway
2026-09-16	0	Port order is build first, DESIGN.md last	DIRECTION.md is the later merged contract and names the order, citing new-work.md	DIRECTION.md lines 66 to 71	settled, conformance suite runs red mid-branch by design
2026-09-16	1	Run the prior-art sweep before building the instrument	Global rule requires it before any instrument and it was skipped	sweep returned cssselect2 as the sound foundation and refuted the fold assertion	755-line bespoke resolver held unmerged, matched cascade against selector text rather than markup
2026-09-16	1	Do not bind the fold as a pixel assertion	Asserting a coordinate is the textbook brittle test, and test_site_viewport_S456.py already says so	sweep citations plus that file's own docstring	fold becomes a relational invariant
2026-09-16	1	Land the hazard gate independent of the dependency decision	Static contrast is sound only while style.css stays free of gradients and alpha, and nothing held that property	10 hazards as data rows, 12 fixtures, mutation run	committed 11174ed, 14 passing, verbatim red recorded
2026-09-16	1	Withdraw the tinycss2 and cssselect2 request	The green world needs five of the ten banned hazards, so static resolution stops qualifying	grep of reference-hero.html found gradient, rgba, opacity x2, background-image, mix-blend-mode	decision reframed to rendered measurement
2026-09-16	1	Correct the offline constraint I asserted	pytest-socket is scoped to tier1 and tier2 conftest, not global, so tests/sitegen faces no socket block	tests/oracles/tier1/conftest.py:57 and tier2/conftest.py:29	my premise was wrong and had propagated into the sweep prompt
2026-09-16	1	Collapse the reference type scale rather than port it	The reference uses 13 font sizes against a declared six, ten of them within 12px of each other	grep of font-size in reference-hero.html against style.css	DIRECTION.md pins 2 of 6, the remaining 4 get derived
2026-09-16	1	File the stale-export gap rather than fix it inline	Nothing ties social-preview.svg to its PNG, and the green rollout regenerates every asset at once	skills/scripts/validate_brand_kit.py check 2 is the prior art	skill-harness#592, ready-for-agent
2026-09-16	1	Measure composited AA before porting any CSS	The grain darkens every pair and no prior measurement composited it	Playwright pixel sampling against analytic composite, 3 runs verified	14 runs fail AA, worst 1.51:1
2026-09-16	1	Grain paints over the ink, not behind it	body::after is z-index 8 and .wrap is z-index 1, so fg and bg both multiply by 0.84	predicted (181,176,161) against sampled (183,178,163) and two more	a background-only read overstates every light-on-dark pair
2026-09-16	1	Port the contract literally rather than change the palette	Every failing pair uses a colour as ink that DIRECTION.md never authorised as ink	bone on plank 8.47, brass on plank 5.42, cta 9.02, all pass; bone-dim 4.27 and field-as-ink 2.92 fail	palette and grain stay pinned, bone-dim retires as ink
2026-09-16	1	Record 3.87:1 as ineligible for the job it was cited for	It is field against void, two fills, a 1.4.11 non-text figure	no text run on the page carries that ratio	the reference's headline repair number describes no text
2026-09-16	3	Rename bone-dim to cut-mark	DIRECTION.md line 60 admits it for the CUT marker alone, and the old name invited a second ink once already	grep confirms olive never appears as color: and zero bench- tokens survive	one admitted extra colour, warranted, not an ink
2026-09-16	3	Hold the type scale to six by deriving four	The fence requires exactly six and the prototype used thirteen	perfect fifth on a 16px body gives 24, 36, 54; contract pins 11px and the macro clamp	six confirmed by grep, browser reports 11, 16, 24, 36, 54, 165.6
2026-09-16	3	Leave two suites red rather than edit a test	Conformance rejects undeclared tokens until DESIGN.md is rewritten, and the hazard gate correctly rejects the tooth	conformance 1 failed 12 passed; gate red on gradient and alpha-color-function only	both red for the predicted reason, no others
2026-09-16	3	Drop the olive help? accent the contract asks for	Olive on plank measures 2.82:1 through the tooth, failing even the 3:1 large-text floor	unit 1 measurement, and the landing h1 has no span to colour	contract detail unshippable on contrast grounds, surfaced rather than silently skipped
2026-09-16	6	Fold measured at 805.5px against a 640 budget	The stylesheet author estimated 893 and the measurement is the number that counts	lowest element is the Install pointer; innerWidth 360 equals clientWidth 360 so no scrollbar artifact	overrun 165.5px, owner ruling needed between the macro pin and #588 criterion 2
2026-09-16	6	Contrast passes everywhere sampled, zero failing runs	Sampled from decoded PNG pixels rather than declared hexes, because the materials composite	ten runs from 11.63:1 to 12.68:1 against 3 and 4.5 floors	the world clears AA as built
2026-09-16	6	Brass has no live text instance	A computed-style sweep found it only as outline-color and border-left-color	no .rule element exists on either page at rest	the tightest pair in the stylesheet comment table describes no rendered text
2026-09-16	6	Grain flagged independently as repeating-stripes-gradient	The impeccable detector caught what a visual read also caught	static path on index and the receipt page	materials defect, fine matte tooth is not hard 2px bands
2026-09-16	6	18px horizontal overflow on skill pages at 360	Confirmed by scrolling, scrollX lands at 18.67	no single element exceeds clientWidth, the excess is diffuse across the header row	real defect, named rather than attributed to a guessed culprit
2026-09-16	7	Replace the tooth with SVG fractal noise rather than retune the bands	A band has an edge and a viewport-wide edge lands on the macro glyphs and the bone panel, which is what both the visual read and the detector caught	impeccable detector reported repeating-stripes-gradient on index and the receipt page before, and zero findings on index after	technique swapped, feTurbulence at alpha 0.04 to 0.14, detector clean on both pages
2026-09-16	7	Name the 18px overflow as ink from a heading, not a shifted header row	A Range.getClientRects sweep put the only overflowing run inside h1 at right 363.22 against a 345px viewport; the header shift in the screenshot was the page being scrolled	skill-declared-synthetic-positive-control at 360x640, scrollWidth 363 against clientWidth 345, no element box over the limit	root cause is the macro clamp floor against a machine token, fixed with overflow-wrap on the heading group
2026-09-16	7	Extend break-word to h2 and h3 rather than h1 alone	schema.html carried the same defect through an h3 holding a schema key, at 75px once the real faces loaded	evidence_admissibility.status ran to 419.7 against 345	all eight pages measure scrollWidth equal to clientWidth at 360
2026-09-16	7	Self-host the three faces with @font-face inside style.css	templates are a separate unit so no link was available, and @font-face needs no template change	three fonts requests to 127.0.0.1 returned 200, FontFaceSet reports all three loaded	no third-party request on the site, cold install intact
2026-09-16	7	Reject document.fonts.check as font evidence	It returned true for a family named No Such Face, so it cannot distinguish a loaded face from a fallback	negative control fired on the first attempt	evidence moved to rendered width against a bogus-family control and to the network log
2026-09-16	7	Leave the font manifest truthful and the receipts test red	build_site returns what it wrote, and dropping the fonts from that tuple to keep an exact-set assertion green would make the CLI understate its own output	tests/sitegen/test_receipts.py:656 asserts an exact set of basenames	owner call, one line in that test, not an edit this unit may make
