n_full	n_placebo	n_null	total_epochs	null_per_pair	p_full	p_placebo	p_null	d	role	replicates	joint_state	count	share	lb_fp_q00	lb_fp_q10	lb_fp_q25	lb_fp_q50	lb_fp_q75	lb_fp_q90	lb_fp_q100	lb_fn_q00	lb_fn_q10	lb_fn_q25	lb_fn_q50	lb_fn_q75	lb_fn_q90	lb_fn_q100	ub_fp_q00	ub_fp_q10	ub_fp_q25	ub_fp_q50	ub_fp_q75	ub_fp_q90	ub_fp_q100
97	97	97	291	1.00	0.50	0.30	0.30	0.20	calibration	10000	fp_passes_fn_fails	19	0.00190	0.2003	0.2044	0.2064	0.2160	0.2312	0.2411	0.2503	-0.1970	-0.1042	-0.0713	0.0031	0.0526	0.0656	0.1576	0.5308	0.5425	0.5644	0.5819	0.6121	0.6315	0.6431
97	97	97	291	1.00	0.50	0.30	0.30	0.20	calibration	10000	fn_passes_fp_fails	0	0.00000	NA	NA	NA	NA	NA	NA	NA	NA	NA	NA	NA	NA	NA	NA	NA	NA	NA	NA	NA	NA	NA
97	97	97	291	1.00	0.50	0.30	0.30	0.20	calibration	10000	neither_passes	9728	0.97280	-0.2344	-0.1058	-0.0604	-0.0098	0.0404	0.0867	0.1981	-0.4225	-0.2366	-0.1892	-0.1359	-0.0839	-0.0362	0.1481	0.2009	0.2984	0.3413	0.3915	0.4426	0.4883	0.6670
97	97	97	291	1.00	0.55	0.30	0.30	0.25	small real effect	10000	fp_passes_fn_fails	172	0.01720	0.2000	0.2023	0.2087	0.2182	0.2355	0.2630	0.3083	-0.1944	-0.0863	-0.0422	0.0085	0.0668	0.1021	0.1709	0.5158	0.5530	0.5730	0.5943	0.6231	0.6459	0.7262
97	97	97	291	1.00	0.55	0.30	0.30	0.25	small real effect	10000	fn_passes_fp_fails	0	0.00000	NA	NA	NA	NA	NA	NA	NA	NA	NA	NA	NA	NA	NA	NA	NA	NA	NA	NA	NA	NA	NA
97	97	97	291	1.00	0.55	0.30	0.30	0.25	small real effect	10000	neither_passes	9747	0.97470	-0.2285	-0.0598	-0.0144	0.0368	0.0890	0.1319	0.2000	-0.3843	-0.1915	-0.1423	-0.0886	-0.0355	0.0123	0.1894	0.2122	0.3441	0.3880	0.4379	0.4905	0.5337	0.6678
97	97	97	291	1.00	0.60	0.30	0.30	0.30	real effect	10000	fp_passes_fn_fails	664	0.06640	0.2000	0.2033	0.2100	0.2219	0.2429	0.2684	0.3669	-0.2060	-0.0541	-0.0153	0.0406	0.0871	0.1259	0.1984	0.4940	0.5512	0.5784	0.6058	0.6343	0.6610	0.7174
97	97	97	291	1.00	0.60	0.30	0.30	0.30	real effect	10000	fn_passes_fp_fails	3	0.00030	0.1151	0.1229	0.1345	0.1540	0.1710	0.1812	0.1881	0.2098	0.2115	0.2140	0.2182	0.2303	0.2376	0.2425	0.5402	0.5459	0.5543	0.5684	0.5807	0.5880	0.5929
97	97	97	291	1.00	0.60	0.30	0.30	0.30	real effect	10000	neither_passes	9282	0.92820	-0.1926	-0.0142	0.0317	0.0816	0.1270	0.1637	0.1999	-0.3351	-0.1478	-0.0981	-0.0438	0.0097	0.0544	0.1840	0.2315	0.3875	0.4328	0.4817	0.5277	0.5643	0.6764
97	97	97	291	1.00	0.65	0.30	0.30	0.35	real effect	10000	fp_passes_fn_fails	2051	0.20510	0.2000	0.2054	0.2136	0.2319	0.2576	0.2883	0.3787	-0.1992	-0.0298	0.0158	0.0626	0.1121	0.1469	0.1981	0.4843	0.5617	0.5868	0.6157	0.6456	0.6738	0.7714
97	97	97	291	1.00	0.65	0.30	0.30	0.35	real effect	10000	fn_passes_fp_fails	17	0.00170	0.0650	0.0889	0.1444	0.1587	0.1816	0.1865	0.1903	0.2060	0.2092	0.2104	0.2256	0.2393	0.2475	0.2673	0.4380	0.4769	0.5300	0.5565	0.6071	0.6167	0.6314
97	97	97	291	1.00	0.65	0.30	0.30	0.35	real effect	10000	neither_passes	7819	0.78190	-0.1451	0.0291	0.0744	0.1184	0.1558	0.1819	0.2000	-0.3220	-0.0998	-0.0518	-0.0004	0.0530	0.0987	0.1991	0.2654	0.4275	0.4701	0.5130	0.5531	0.5862	0.6861
97	97	97	291	1.00	0.70	0.30	0.30	0.40	real effect	10000	fp_passes_fn_fails	4200	0.42000	0.2000	0.2080	0.2210	0.2439	0.2751	0.3053	0.4336	-0.1866	0.0009	0.0435	0.0893	0.1323	0.1634	0.1994	0.4770	0.5713	0.5960	0.6255	0.6577	0.6889	0.7848
97	97	97	291	1.00	0.70	0.30	0.30	0.40	real effect	10000	fn_passes_fp_fails	62	0.00620	0.0999	0.1359	0.1454	0.1636	0.1805	0.1918	0.1994	0.2005	0.2026	0.2065	0.2153	0.2271	0.2405	0.2738	0.4741	0.5064	0.5381	0.5534	0.5758	0.5960	0.6567
97	97	97	291	1.00	0.70	0.30	0.30	0.40	real effect	10000	neither_passes	5228	0.52280	-0.0936	0.0695	0.1082	0.1460	0.1745	0.1896	0.1999	-0.2576	-0.0582	-0.0100	0.0413	0.0900	0.1320	0.1990	0.2995	0.4627	0.5006	0.5377	0.5700	0.5972	0.7145
97	97	97	291	1.00	0.50	0.30	0.35	0.20	calibration	10000	fp_passes_fn_fails	13	0.00130	0.2008	0.2019	0.2069	0.2172	0.2256	0.2439	0.2523	-0.2321	-0.2057	-0.1700	-0.1030	-0.0299	0.0248	0.0464	0.4981	0.5333	0.5593	0.5873	0.6031	0.6213	0.6452
97	97	97	291	1.00	0.50	0.30	0.35	0.20	calibration	10000	fn_passes_fp_fails	0	0.00000	NA	NA	NA	NA	NA	NA	NA	NA	NA	NA	NA	NA	NA	NA	NA	NA	NA	NA	NA	NA	NA
97	97	97	291	1.00	0.50	0.30	0.35	0.20	calibration	10000	neither_passes	9737	0.97370	-0.2508	-0.1053	-0.0633	-0.0127	0.0380	0.0837	0.1975	-0.4981	-0.2926	-0.2448	-0.1915	-0.1380	-0.0901	0.1038	0.2020	0.2980	0.3405	0.3897	0.4416	0.4867	0.6471
97	97	97	291	1.00	0.55	0.30	0.35	0.25	small real effect	10000	fp_passes_fn_fails	144	0.01440	0.2002	0.2020	0.2069	0.2169	0.2329	0.2542	0.3229	-0.2297	-0.1464	-0.0933	-0.0531	0.0124	0.0452	0.1082	0.5072	0.5544	0.5725	0.5992	0.6222	0.6450	0.7011
97	97	97	291	1.00	0.55	0.30	0.35	0.25	small real effect	10000	fn_passes_fp_fails	0	0.00000	NA	NA	NA	NA	NA	NA	NA	NA	NA	NA	NA	NA	NA	NA	NA	NA	NA	NA	NA	NA	NA
97	97	97	291	1.00	0.55	0.30	0.35	0.25	small real effect	10000	neither_passes	9764	0.97640	-0.2183	-0.0607	-0.0146	0.0379	0.0881	0.1286	0.1995	-0.4308	-0.2489	-0.1997	-0.1447	-0.0899	-0.0389	0.1350	0.2096	0.3420	0.3874	0.4394	0.4899	0.5340	0.6718
97	97	97	291	1.00	0.60	0.30	0.35	0.30	real effect	10000	fp_passes_fn_fails	719	0.07190	0.2000	0.2045	0.2117	0.2243	0.2461	0.2707	0.3521	-0.2365	-0.1111	-0.0721	-0.0149	0.0353	0.0754	0.1947	0.4920	0.5562	0.5843	0.6089	0.6370	0.6630	0.7555
97	97	97	291	1.00	0.60	0.30	0.35	0.30	real effect	10000	fn_passes_fp_fails	0	0.00000	NA	NA	NA	NA	NA	NA	NA	NA	NA	NA	NA	NA	NA	NA	NA	NA	NA	NA	NA	NA	NA
97	97	97	291	1.00	0.60	0.30	0.35	0.30	real effect	10000	neither_passes	9247	0.92470	-0.1650	-0.0151	0.0332	0.0828	0.1291	0.1629	0.2000	-0.4467	-0.2040	-0.1535	-0.0993	-0.0459	0.0030	0.1663	0.2333	0.3872	0.4327	0.4800	0.5268	0.5652	0.6974
97	97	97	291	1.00	0.65	0.30	0.35	0.35	real effect	10000	fp_passes_fn_fails	2143	0.21430	0.2000	0.2057	0.2144	0.2329	0.2605	0.2917	0.4735	-0.2004	-0.0813	-0.0376	0.0112	0.0622	0.1062	0.1951	0.4885	0.5648	0.5877	0.6162	0.6472	0.6758	0.8048
97	97	97	291	1.00	0.65	0.30	0.35	0.35	real effect	10000	fn_passes_fp_fails	2	0.00020	0.1801	0.1802	0.1804	0.1806	0.1809	0.1810	0.1811	0.2208	0.2225	0.2252	0.2296	0.2340	0.2366	0.2384	0.5972	0.5973	0.5974	0.5976	0.5978	0.5980	0.5980
97	97	97	291	1.00	0.65	0.30	0.35	0.35	real effect	10000	neither_passes	7825	0.78250	-0.1901	0.0291	0.0739	0.1201	0.1570	0.1808	0.2000	-0.3819	-0.1545	-0.1063	-0.0525	-0.0016	0.0429	0.1966	0.2590	0.4285	0.4705	0.5134	0.5520	0.5836	0.7065
97	97	97	291	1.00	0.70	0.30	0.35	0.40	real effect	10000	fp_passes_fn_fails	4594	0.45940	0.2000	0.2089	0.2225	0.2470	0.2787	0.3141	0.4363	-0.2400	-0.0465	-0.0037	0.0454	0.0963	0.1344	0.1994	0.4852	0.5720	0.5979	0.6285	0.6601	0.6928	0.8091
97	97	97	291	1.00	0.70	0.30	0.35	0.40	real effect	10000	fn_passes_fp_fails	3	0.00030	0.1121	0.1264	0.1478	0.1834	0.1891	0.1924	0.1947	0.2046	0.2062	0.2084	0.2122	0.2141	0.2153	0.2161	0.5118	0.5249	0.5446	0.5775	0.5835	0.5871	0.5895
97	97	97	291	1.00	0.70	0.30	0.35	0.40	real effect	10000	neither_passes	5260	0.52600	-0.0772	0.0699	0.1096	0.1471	0.1754	0.1904	0.2000	-0.2891	-0.1126	-0.0664	-0.0146	0.0346	0.0781	0.1976	0.3173	0.4641	0.5003	0.5380	0.5718	0.6017	0.7011
97	97	97	291	1.00	0.50	0.30	0.40	0.20	calibration	10000	fp_passes_fn_fails	22	0.00220	0.2007	0.2028	0.2073	0.2164	0.2273	0.2417	0.2528	-0.2031	-0.1813	-0.1673	-0.1391	-0.0911	-0.0266	0.0279	0.5051	0.5503	0.5602	0.5910	0.6287	0.6513	0.6676
97	97	97	291	1.00	0.50	0.30	0.40	0.20	calibration	10000	fn_passes_fp_fails	0	0.00000	NA	NA	NA	NA	NA	NA	NA	NA	NA	NA	NA	NA	NA	NA	NA	NA	NA	NA	NA	NA	NA
97	97	97	291	1.00	0.50	0.30	0.40	0.20	calibration	10000	neither_passes	9726	0.97260	-0.2509	-0.1042	-0.0594	-0.0095	0.0404	0.0857	0.1987	-0.5470	-0.3464	-0.2981	-0.2447	-0.1901	-0.1431	0.0773	0.2060	0.2990	0.3424	0.3918	0.4429	0.4883	0.6469
97	97	97	291	1.00	0.55	0.30	0.40	0.25	small real effect	10000	fp_passes_fn_fails	156	0.01560	0.2000	0.2027	0.2070	0.2198	0.2335	0.2541	0.3973	-0.2799	-0.1820	-0.1416	-0.0972	-0.0549	-0.0178	0.0616	0.5079	0.5490	0.5725	0.6011	0.6242	0.6568	0.7215
97	97	97	291	1.00	0.55	0.30	0.40	0.25	small real effect	10000	fn_passes_fp_fails	0	0.00000	NA	NA	NA	NA	NA	NA	NA	NA	NA	NA	NA	NA	NA	NA	NA	NA	NA	NA	NA	NA	NA
97	97	97	291	1.00	0.55	0.30	0.40	0.25	small real effect	10000	neither_passes	9752	0.97520	-0.2582	-0.0618	-0.0143	0.0360	0.0848	0.1267	0.1999	-0.5008	-0.3031	-0.2538	-0.1991	-0.1438	-0.0957	0.1257	0.2084	0.3416	0.3862	0.4373	0.4863	0.5283	0.6754
97	97	97	291	1.00	0.60	0.30	0.40	0.30	real effect	10000	fp_passes_fn_fails	655	0.06550	0.2000	0.2044	0.2105	0.2241	0.2469	0.2669	0.3544	-0.3712	-0.1726	-0.1254	-0.0742	-0.0262	0.0191	0.1384	0.4863	0.5553	0.5793	0.6089	0.6360	0.6591	0.7309
97	97	97	291	1.00	0.60	0.30	0.40	0.30	real effect	10000	fn_passes_fp_fails	0	0.00000	NA	NA	NA	NA	NA	NA	NA	NA	NA	NA	NA	NA	NA	NA	NA	NA	NA	NA	NA	NA	NA
97	97	97	291	1.00	0.60	0.30	0.40	0.30	real effect	10000	neither_passes	9316	0.93160	-0.1948	-0.0142	0.0304	0.0795	0.1254	0.1620	0.2000	-0.4582	-0.2532	-0.2053	-0.1495	-0.0975	-0.0514	0.1290	0.2470	0.3887	0.4320	0.4800	0.5242	0.5612	0.6746
97	97	97	291	1.00	0.65	0.30	0.40	0.35	real effect	10000	fp_passes_fn_fails	2150	0.21500	0.2000	0.2058	0.2147	0.2334	0.2601	0.2894	0.4043	-0.3207	-0.1376	-0.0903	-0.0403	0.0133	0.0568	0.1835	0.4917	0.5625	0.5865	0.6166	0.6473	0.6762	0.7865
97	97	97	291	1.00	0.65	0.30	0.40	0.35	real effect	10000	fn_passes_fp_fails	1	0.00010	0.1516	0.1516	0.1516	0.1516	0.1516	0.1516	0.1516	0.2057	0.2057	0.2057	0.2057	0.2057	0.2057	0.2057	0.5327	0.5327	0.5327	0.5327	0.5327	0.5327	0.5327
97	97	97	291	1.00	0.65	0.30	0.40	0.35	real effect	10000	neither_passes	7835	0.78350	-0.1561	0.0279	0.0735	0.1177	0.1559	0.1801	0.2000	-0.3871	-0.2087	-0.1615	-0.1095	-0.0557	-0.0084	0.1676	0.2480	0.4269	0.4692	0.5141	0.5531	0.5842	0.6974
97	97	97	291	1.00	0.70	0.30	0.40	0.40	real effect	10000	fp_passes_fn_fails	4582	0.45820	0.2000	0.2091	0.2218	0.2465	0.2811	0.3152	0.4474	-0.2754	-0.1047	-0.0560	-0.0045	0.0426	0.0879	0.1973	0.4897	0.5705	0.5953	0.6265	0.6610	0.6921	0.8088
97	97	97	291	1.00	0.70	0.30	0.40	0.40	real effect	10000	fn_passes_fp_fails	0	0.00000	NA	NA	NA	NA	NA	NA	NA	NA	NA	NA	NA	NA	NA	NA	NA	NA	NA	NA	NA	NA	NA
97	97	97	291	1.00	0.70	0.30	0.40	0.40	real effect	10000	neither_passes	5399	0.53990	-0.0904	0.0704	0.1082	0.1467	0.1745	0.1894	0.2000	-0.3355	-0.1648	-0.1180	-0.0658	-0.0177	0.0282	0.1986	0.3133	0.4666	0.5015	0.5371	0.5695	0.5992	0.7026
97	97	97	291	1.00	0.55	0.35	0.30	0.20	calibration	10000	fp_passes_fn_fails	21	0.00210	0.2002	0.2023	0.2063	0.2143	0.2184	0.2485	0.2708	-0.1236	-0.0792	-0.0164	0.0086	0.0508	0.0947	0.1815	0.5306	0.5723	0.5823	0.6032	0.6211	0.6345	0.6886
97	97	97	291	1.00	0.55	0.35	0.30	0.20	calibration	10000	fn_passes_fp_fails	1	0.00010	0.1634	0.1634	0.1634	0.1634	0.1634	0.1634	0.1634	0.2184	0.2184	0.2184	0.2184	0.2184	0.2184	0.2184	0.5027	0.5027	0.5027	0.5027	0.5027	0.5027	0.5027
97	97	97	291	1.00	0.55	0.35	0.30	0.20	calibration	10000	neither_passes	9723	0.97230	-0.2575	-0.1115	-0.0653	-0.0152	0.0366	0.0828	0.1980	-0.3895	-0.1882	-0.1404	-0.0872	-0.0334	0.0146	0.1857	0.2007	0.2998	0.3435	0.3938	0.4474	0.4940	0.6648
97	97	97	291	1.00	0.60	0.35	0.30	0.25	small real effect	10000	fp_passes_fn_fails	128	0.01280	0.2000	0.2056	0.2103	0.2184	0.2359	0.2573	0.3023	-0.1456	-0.0540	0.0054	0.0388	0.0863	0.1316	0.1743	0.5182	0.5536	0.5731	0.6010	0.6226	0.6543	0.7253
97	97	97	291	1.00	0.60	0.35	0.30	0.25	small real effect	10000	fn_passes_fp_fails	14	0.00140	0.0810	0.0881	0.1172	0.1372	0.1718	0.1889	0.1942	0.2003	0.2023	0.2036	0.2090	0.2308	0.2355	0.2401	0.4543	0.4617	0.4803	0.5334	0.5847	0.6191	0.6245
97	97	97	291	1.00	0.60	0.35	0.30	0.25	small real effect	10000	neither_passes	9765	0.97650	-0.2190	-0.0656	-0.0175	0.0333	0.0843	0.1251	0.1999	-0.3580	-0.1424	-0.0935	-0.0398	0.0121	0.0599	0.1996	0.2168	0.3450	0.3897	0.4397	0.4893	0.5349	0.6847
97	97	97	291	1.00	0.65	0.35	0.30	0.30	real effect	10000	fp_passes_fn_fails	639	0.06390	0.2002	0.2043	0.2108	0.2257	0.2444	0.2655	0.3660	-0.1021	-0.0031	0.0331	0.0823	0.1200	0.1551	0.1993	0.4940	0.5590	0.5814	0.6067	0.6340	0.6589	0.7700
97	97	97	291	1.00	0.65	0.35	0.30	0.30	real effect	10000	fn_passes_fp_fails	50	0.00500	0.0091	0.0840	0.1261	0.1466	0.1687	0.1855	0.1927	0.2002	0.2056	0.2092	0.2158	0.2254	0.2341	0.2659	0.4322	0.4736	0.5126	0.5366	0.5742	0.6139	0.6708
97	97	97	291	1.00	0.65	0.35	0.30	0.30	real effect	10000	neither_passes	9218	0.92180	-0.2325	-0.0159	0.0290	0.0800	0.1266	0.1622	0.1999	-0.2967	-0.0931	-0.0421	0.0109	0.0621	0.1047	0.1998	0.2241	0.3873	0.4311	0.4799	0.5275	0.5646	0.7030
97	97	97	291	1.00	0.70	0.35	0.30	0.35	real effect	10000	fp_passes_fn_fails	1781	0.17810	0.2000	0.2052	0.2136	0.2306	0.2566	0.2865	0.4199	-0.1602	0.0199	0.0636	0.1063	0.1434	0.1695	0.1986	0.4629	0.5617	0.5849	0.6123	0.6430	0.6750	0.7626
97	97	97	291	1.00	0.70	0.35	0.30	0.35	real effect	10000	fn_passes_fp_fails	199	0.01990	0.0407	0.1104	0.1330	0.1566	0.1743	0.1860	0.2000	0.2000	0.2025	0.2076	0.2170	0.2335	0.2531	0.3383	0.4319	0.4915	0.5172	0.5457	0.5709	0.6004	0.6667
97	97	97	291	1.00	0.70	0.35	0.30	0.35	real effect	10000	neither_passes	7596	0.75960	-0.1825	0.0304	0.0747	0.1197	0.1580	0.1814	0.2000	-0.2427	-0.0439	0.0033	0.0549	0.1038	0.1451	0.2000	0.2536	0.4285	0.4712	0.5128	0.5523	0.5840	0.6964
97	97	97	291	1.00	0.75	0.35	0.30	0.40	real effect	10000	fp_passes_fn_fails	3340	0.33400	0.2000	0.2071	0.2185	0.2399	0.2699	0.3007	0.4121	-0.1107	0.0493	0.0892	0.1277	0.1610	0.1809	0.1999	0.5080	0.5674	0.5909	0.6204	0.6523	0.6834	0.8062
97	97	97	291	1.00	0.75	0.35	0.30	0.40	real effect	10000	fn_passes_fp_fails	394	0.03940	0.0494	0.1198	0.1426	0.1665	0.1833	0.1920	0.1999	0.2004	0.2060	0.2143	0.2270	0.2471	0.2707	0.3383	0.4186	0.4954	0.5225	0.5538	0.5809	0.6060	0.6671
97	97	97	291	1.00	0.75	0.35	0.30	0.40	real effect	10000	neither_passes	4772	0.47720	-0.1054	0.0679	0.1055	0.1431	0.1719	0.1894	0.2000	-0.1467	-0.0030	0.0431	0.0908	0.1349	0.1665	0.2000	0.3133	0.4597	0.4959	0.5326	0.5661	0.5962	0.6955
97	97	97	291	1.00	0.55	0.35	0.35	0.20	calibration	10000	fp_passes_fn_fails	20	0.00200	0.2024	0.2028	0.2036	0.2194	0.2339	0.2351	0.2502	-0.2093	-0.1678	-0.0675	-0.0244	0.0157	0.0342	0.0882	0.5173	0.5640	0.5694	0.5928	0.6077	0.6258	0.6401
97	97	97	291	1.00	0.55	0.35	0.35	0.20	calibration	10000	fn_passes_fp_fails	0	0.00000	NA	NA	NA	NA	NA	NA	NA	NA	NA	NA	NA	NA	NA	NA	NA	NA	NA	NA	NA	NA	NA
97	97	97	291	1.00	0.55	0.35	0.35	0.20	calibration	10000	neither_passes	9719	0.97190	-0.2511	-0.1109	-0.0669	-0.0156	0.0375	0.0826	0.1984	-0.4205	-0.2445	-0.1952	-0.1414	-0.0893	-0.0412	0.1229	0.2023	0.3014	0.3442	0.3936	0.4455	0.4915	0.6886
97	97	97	291	1.00	0.60	0.35	0.35	0.25	small real effect	10000	fp_passes_fn_fails	175	0.01750	0.2000	0.2029	0.2075	0.2187	0.2341	0.2580	0.3423	-0.2354	-0.1020	-0.0384	0.0018	0.0532	0.0913	0.1906	0.4974	0.5525	0.5729	0.6090	0.6364	0.6555	0.7149
97	97	97	291	1.00	0.60	0.35	0.35	0.25	small real effect	10000	fn_passes_fp_fails	1	0.00010	0.1350	0.1350	0.1350	0.1350	0.1350	0.1350	0.1350	0.2179	0.2179	0.2179	0.2179	0.2179	0.2179	0.2179	0.5517	0.5517	0.5517	0.5517	0.5517	0.5517	0.5517
97	97	97	291	1.00	0.60	0.35	0.35	0.25	small real effect	10000	neither_passes	9736	0.97360	-0.2354	-0.0646	-0.0158	0.0343	0.0849	0.1290	0.2000	-0.4050	-0.1965	-0.1480	-0.0938	-0.0411	0.0080	0.1804	0.2094	0.3444	0.3896	0.4400	0.4907	0.5348	0.6852
97	97	97	291	1.00	0.65	0.35	0.35	0.30	real effect	10000	fp_passes_fn_fails	670	0.06700	0.2004	0.2045	0.2111	0.2249	0.2468	0.2703	0.4209	-0.1725	-0.0626	-0.0100	0.0323	0.0805	0.1221	0.1984	0.5121	0.5606	0.5837	0.6092	0.6368	0.6584	0.7952
97	97	97	291	1.00	0.65	0.35	0.35	0.30	real effect	10000	fn_passes_fp_fails	6	0.00060	0.0352	0.0741	0.1140	0.1479	0.1843	0.1912	0.1961	0.2040	0.2086	0.2142	0.2190	0.2277	0.2548	0.2794	0.3955	0.4515	0.5182	0.5525	0.5772	0.6276	0.6705
97	97	97	291	1.00	0.65	0.35	0.35	0.30	real effect	10000	neither_passes	9279	0.92790	-0.2223	-0.0154	0.0303	0.0806	0.1266	0.1635	0.1999	-0.3363	-0.1486	-0.0994	-0.0446	0.0079	0.0563	0.1983	0.2382	0.3882	0.4350	0.4823	0.5276	0.5657	0.6894
97	97	97	291	1.00	0.70	0.35	0.35	0.35	real effect	10000	fp_passes_fn_fails	2064	0.20640	0.2001	0.2050	0.2133	0.2302	0.2561	0.2856	0.4616	-0.2070	-0.0304	0.0162	0.0640	0.1080	0.1463	0.1984	0.4849	0.5622	0.5871	0.6145	0.6449	0.6739	0.8032
97	97	97	291	1.00	0.70	0.35	0.35	0.35	real effect	10000	fn_passes_fp_fails	19	0.00190	0.0766	0.1245	0.1462	0.1625	0.1722	0.1750	0.1856	0.2018	0.2026	0.2041	0.2097	0.2146	0.2302	0.2420	0.4704	0.5032	0.5140	0.5525	0.5845	0.6024	0.6346
97	97	97	291	1.00	0.70	0.35	0.35	0.35	real effect	10000	neither_passes	7807	0.78070	-0.1426	0.0311	0.0745	0.1189	0.1573	0.1817	0.2000	-0.2884	-0.0983	-0.0516	0.0009	0.0524	0.0979	0.1986	0.2490	0.4304	0.4718	0.5137	0.5532	0.5857	0.6942
97	97	97	291	1.00	0.75	0.35	0.35	0.40	real effect	10000	fp_passes_fn_fails	4178	0.41780	0.2000	0.2076	0.2204	0.2438	0.2745	0.3093	0.4414	-0.1707	0.0036	0.0462	0.0905	0.1323	0.1647	0.1995	0.4881	0.5690	0.5939	0.6231	0.6555	0.6869	0.7922
97	97	97	291	1.00	0.75	0.35	0.35	0.40	real effect	10000	fn_passes_fp_fails	73	0.00730	0.0654	0.1232	0.1445	0.1653	0.1831	0.1888	0.1997	0.2002	0.2035	0.2073	0.2201	0.2344	0.2502	0.2786	0.4685	0.5104	0.5246	0.5555	0.5765	0.6030	0.6495
97	97	97	291	1.00	0.75	0.35	0.35	0.40	real effect	10000	neither_passes	5192	0.51920	-0.1395	0.0704	0.1097	0.1461	0.1745	0.1901	0.2000	-0.2424	-0.0538	-0.0075	0.0423	0.0914	0.1324	0.1995	0.3330	0.4613	0.4972	0.5347	0.5673	0.5970	0.6909
97	97	97	291	1.00	0.55	0.35	0.40	0.20	calibration	10000	fp_passes_fn_fails	23	0.00230	0.2010	0.2024	0.2054	0.2152	0.2223	0.2293	0.2444	-0.2464	-0.1728	-0.0983	-0.0786	-0.0245	-0.0037	0.0982	0.5491	0.5711	0.5949	0.6096	0.6276	0.6402	0.6634
97	97	97	291	1.00	0.55	0.35	0.40	0.20	calibration	10000	fn_passes_fp_fails	0	0.00000	NA	NA	NA	NA	NA	NA	NA	NA	NA	NA	NA	NA	NA	NA	NA	NA	NA	NA	NA	NA	NA
97	97	97	291	1.00	0.55	0.35	0.40	0.20	calibration	10000	neither_passes	9741	0.97410	-0.2401	-0.1104	-0.0659	-0.0135	0.0375	0.0821	0.1989	-0.4956	-0.2994	-0.2517	-0.1958	-0.1422	-0.0931	0.1503	0.2033	0.3018	0.3439	0.3947	0.4462	0.4921	0.6605
97	97	97	291	1.00	0.60	0.35	0.40	0.25	small real effect	10000	fp_passes_fn_fails	145	0.01450	0.2003	0.2052	0.2098	0.2232	0.2356	0.2586	0.3537	-0.2092	-0.1383	-0.0946	-0.0428	0.0149	0.0634	0.1193	0.4999	0.5486	0.5724	0.6025	0.6266	0.6431	0.7329
97	97	97	291	1.00	0.60	0.35	0.40	0.25	small real effect	10000	fn_passes_fp_fails	0	0.00000	NA	NA	NA	NA	NA	NA	NA	NA	NA	NA	NA	NA	NA	NA	NA	NA	NA	NA	NA	NA	NA
97	97	97	291	1.00	0.60	0.35	0.40	0.25	small real effect	10000	neither_passes	9761	0.97610	-0.2498	-0.0661	-0.0183	0.0358	0.0856	0.1283	0.1998	-0.4653	-0.2511	-0.2024	-0.1473	-0.0915	-0.0427	0.1735	0.2059	0.3441	0.3901	0.4413	0.4922	0.5358	0.6740
97	97	97	291	1.00	0.65	0.35	0.40	0.30	real effect	10000	fp_passes_fn_fails	661	0.06610	0.2000	0.2041	0.2107	0.2242	0.2459	0.2722	0.3905	-0.2289	-0.1086	-0.0655	-0.0157	0.0282	0.0721	0.1917	0.5107	0.5565	0.5826	0.6099	0.6406	0.6657	0.7483
97	97	97	291	1.00	0.65	0.35	0.40	0.30	real effect	10000	fn_passes_fp_fails	0	0.00000	NA	NA	NA	NA	NA	NA	NA	NA	NA	NA	NA	NA	NA	NA	NA	NA	NA	NA	NA	NA	NA
97	97	97	291	1.00	0.65	0.35	0.40	0.30	real effect	10000	neither_passes	9302	0.93020	-0.1934	-0.0149	0.0301	0.0817	0.1277	0.1621	0.2000	-0.4815	-0.2054	-0.1534	-0.0976	-0.0441	0.0025	0.1531	0.2194	0.3895	0.4345	0.4824	0.5281	0.5664	0.6860
97	97	97	291	1.00	0.70	0.35	0.40	0.35	real effect	10000	fp_passes_fn_fails	2153	0.21530	0.2000	0.2063	0.2151	0.2335	0.2596	0.2887	0.4008	-0.2196	-0.0758	-0.0337	0.0124	0.0598	0.1020	0.1977	0.4926	0.5642	0.5876	0.6169	0.6471	0.6749	0.7642
97	97	97	291	1.00	0.70	0.35	0.40	0.35	real effect	10000	fn_passes_fp_fails	5	0.00050	0.1582	0.1617	0.1671	0.1808	0.1928	0.1942	0.1951	0.2066	0.2075	0.2088	0.2135	0.2141	0.2526	0.2782	0.5581	0.5637	0.5722	0.5776	0.5840	0.5956	0.6033
97	97	97	291	1.00	0.70	0.35	0.40	0.35	real effect	10000	neither_passes	7810	0.78100	-0.1457	0.0307	0.0740	0.1200	0.1576	0.1817	0.2000	-0.3691	-0.1520	-0.1036	-0.0520	-0.0018	0.0438	0.1959	0.2846	0.4301	0.4725	0.5161	0.5561	0.5866	0.6934
97	97	97	291	1.00	0.75	0.35	0.40	0.40	real effect	10000	fp_passes_fn_fails	4612	0.46120	0.2000	0.2092	0.2227	0.2478	0.2808	0.3123	0.4411	-0.2147	-0.0458	0.0001	0.0471	0.0945	0.1363	0.1996	0.4792	0.5699	0.5963	0.6276	0.6603	0.6928	0.8337
97	97	97	291	1.00	0.75	0.35	0.40	0.40	real effect	10000	fn_passes_fp_fails	11	0.00110	0.0862	0.1177	0.1424	0.1862	0.1924	0.1939	0.1967	0.2005	0.2027	0.2043	0.2091	0.2168	0.2181	0.2241	0.4845	0.5062	0.5209	0.5421	0.5614	0.5772	0.6187
97	97	97	291	1.00	0.75	0.35	0.40	0.40	real effect	10000	neither_passes	5241	0.52410	-0.1083	0.0725	0.1115	0.1485	0.1751	0.1898	0.2000	-0.2932	-0.1042	-0.0583	-0.0086	0.0414	0.0853	0.1986	0.3083	0.4628	0.4979	0.5360	0.5701	0.5996	0.7076
97	97	97	291	1.00	0.60	0.40	0.30	0.20	calibration	10000	fp_passes_fn_fails	24	0.00240	0.2020	0.2039	0.2082	0.2145	0.2204	0.2346	0.2714	-0.0770	-0.0044	0.0569	0.0787	0.1280	0.1467	0.1797	0.5491	0.5592	0.5679	0.5968	0.6204	0.6379	0.6479
97	97	97	291	1.00	0.60	0.40	0.30	0.20	calibration	10000	fn_passes_fp_fails	11	0.00110	-0.0249	0.0255	0.0443	0.0644	0.1107	0.1435	0.1601	0.2024	0.2046	0.2076	0.2187	0.2238	0.2334	0.2759	0.4054	0.4313	0.4399	0.4595	0.4853	0.5819	0.6026
97	97	97	291	1.00	0.60	0.40	0.30	0.20	calibration	10000	neither_passes	9704	0.97040	-0.2379	-0.1125	-0.0668	-0.0135	0.0379	0.0828	0.1995	-0.3777	-0.1376	-0.0902	-0.0354	0.0176	0.0648	0.1999	0.2052	0.3002	0.3450	0.3969	0.4485	0.4956	0.6563
97	97	97	291	1.00	0.65	0.40	0.30	0.25	small real effect	10000	fp_passes_fn_fails	112	0.01120	0.2001	0.2024	0.2071	0.2194	0.2382	0.2545	0.3047	-0.0588	0.0146	0.0558	0.0974	0.1361	0.1679	0.1965	0.5239	0.5630	0.5808	0.6033	0.6275	0.6554	0.7208
97	97	97	291	1.00	0.65	0.40	0.30	0.25	small real effect	10000	fn_passes_fp_fails	89	0.00890	0.0079	0.0537	0.0866	0.1275	0.1635	0.1777	0.1904	0.2000	0.2028	0.2070	0.2146	0.2351	0.2575	0.3202	0.4323	0.4500	0.4895	0.5179	0.5643	0.6038	0.6896
97	97	97	291	1.00	0.65	0.40	0.30	0.25	small real effect	10000	neither_passes	9686	0.96860	-0.2155	-0.0641	-0.0176	0.0342	0.0856	0.1292	0.2000	-0.2887	-0.0886	-0.0395	0.0152	0.0668	0.1111	0.1999	0.2097	0.3444	0.3895	0.4405	0.4909	0.5334	0.6728
97	97	97	291	1.00	0.70	0.40	0.30	0.30	real effect	10000	fp_passes_fn_fails	553	0.05530	0.2001	0.2032	0.2094	0.2214	0.2425	0.2616	0.3303	-0.0900	0.0271	0.0735	0.1237	0.1524	0.1778	0.1992	0.4932	0.5538	0.5794	0.6057	0.6300	0.6556	0.7244
97	97	97	291	1.00	0.70	0.40	0.30	0.30	real effect	10000	fn_passes_fp_fails	321	0.03210	-0.0093	0.0516	0.0934	0.1300	0.1619	0.1809	0.2000	0.2000	0.2029	0.2083	0.2175	0.2368	0.2590	0.3426	0.3235	0.4494	0.4821	0.5160	0.5539	0.5803	0.6478
97	97	97	291	1.00	0.70	0.40	0.30	0.30	real effect	10000	neither_passes	8910	0.89100	-0.2532	-0.0163	0.0290	0.0786	0.1252	0.1614	0.1999	-0.2654	-0.0396	0.0091	0.0616	0.1107	0.1495	0.1999	0.2339	0.3859	0.4291	0.4776	0.5231	0.5613	0.7030
97	97	97	291	1.00	0.75	0.40	0.30	0.35	real effect	10000	fp_passes_fn_fails	1374	0.13740	0.2001	0.2059	0.2138	0.2304	0.2537	0.2811	0.3919	-0.0857	0.0649	0.1031	0.1386	0.1689	0.1834	0.2000	0.4937	0.5606	0.5823	0.6087	0.6385	0.6653	0.7629
97	97	97	291	1.00	0.75	0.40	0.30	0.35	real effect	10000	fn_passes_fp_fails	850	0.08500	-0.0298	0.0826	0.1120	0.1436	0.1676	0.1831	0.1999	0.2001	0.2044	0.2123	0.2269	0.2490	0.2769	0.3624	0.3674	0.4643	0.4939	0.5295	0.5625	0.5898	0.6803
97	97	97	291	1.00	0.75	0.40	0.30	0.35	real effect	10000	neither_passes	6779	0.67790	-0.1682	0.0290	0.0734	0.1172	0.1542	0.1787	0.2000	-0.1727	0.0068	0.0546	0.1016	0.1435	0.1719	0.2000	0.2723	0.4225	0.4655	0.5078	0.5464	0.5776	0.6884
97	97	97	291	1.00	0.80	0.40	0.30	0.40	real effect	10000	fp_passes_fn_fails	1939	0.19390	0.2001	0.2064	0.2163	0.2379	0.2643	0.2935	0.4097	-0.0338	0.0883	0.1232	0.1535	0.1761	0.1887	0.1999	0.4917	0.5606	0.5852	0.6138	0.6462	0.6732	0.7845
97	97	97	291	1.00	0.80	0.40	0.30	0.40	real effect	10000	fn_passes_fp_fails	1277	0.12770	0.0013	0.1054	0.1344	0.1603	0.1793	0.1896	0.1998	0.2001	0.2067	0.2176	0.2367	0.2620	0.2931	0.3812	0.3631	0.4795	0.5053	0.5360	0.5645	0.5944	0.6725
97	97	97	291	1.00	0.80	0.40	0.30	0.40	real effect	10000	neither_passes	3570	0.35700	-0.0756	0.0716	0.1087	0.1447	0.1725	0.1885	0.2000	-0.1467	0.0511	0.0925	0.1331	0.1667	0.1859	0.1999	0.2960	0.4555	0.4916	0.5272	0.5603	0.5876	0.6899
97	97	97	291	1.00	0.60	0.40	0.35	0.20	calibration	10000	fp_passes_fn_fails	20	0.00200	0.2010	0.2022	0.2053	0.2086	0.2177	0.2357	0.2524	-0.1358	-0.0745	-0.0552	-0.0067	0.0767	0.1020	0.1095	0.5484	0.5615	0.5712	0.5847	0.6094	0.6254	0.6812
97	97	97	291	1.00	0.60	0.40	0.35	0.20	calibration	10000	fn_passes_fp_fails	2	0.00020	0.0946	0.0960	0.0982	0.1018	0.1054	0.1076	0.1090	0.2129	0.2142	0.2162	0.2196	0.2229	0.2249	0.2262	0.4904	0.4958	0.5040	0.5175	0.5311	0.5392	0.5446
97	97	97	291	1.00	0.60	0.40	0.35	0.20	calibration	10000	neither_passes	9719	0.97190	-0.2830	-0.1126	-0.0660	-0.0144	0.0383	0.0835	0.1987	-0.4032	-0.1936	-0.1443	-0.0898	-0.0350	0.0100	0.1765	0.2079	0.3020	0.3463	0.3960	0.4489	0.4958	0.6544
97	97	97	291	1.00	0.65	0.40	0.35	0.25	small real effect	10000	fp_passes_fn_fails	154	0.01540	0.2000	0.2023	0.2078	0.2186	0.2370	0.2580	0.3110	-0.1253	-0.0312	0.0106	0.0540	0.0994	0.1316	0.1863	0.5179	0.5610	0.5797	0.5992	0.6284	0.6594	0.7003
97	97	97	291	1.00	0.65	0.40	0.35	0.25	small real effect	10000	fn_passes_fp_fails	10	0.00100	0.0505	0.0705	0.1006	0.1545	0.1684	0.1733	0.1847	0.2037	0.2050	0.2090	0.2163	0.2216	0.2320	0.2373	0.3996	0.4282	0.4601	0.5277	0.5566	0.5719	0.6183
97	97	97	291	1.00	0.65	0.40	0.35	0.25	small real effect	10000	neither_passes	9731	0.97310	-0.2128	-0.0665	-0.0199	0.0345	0.0870	0.1293	0.1999	-0.3474	-0.1449	-0.0945	-0.0405	0.0117	0.0606	0.1990	0.2056	0.3442	0.3905	0.4408	0.4915	0.5347	0.6547
97	97	97	291	1.00	0.70	0.40	0.35	0.30	real effect	10000	fp_passes_fn_fails	644	0.06440	0.2000	0.2034	0.2099	0.2256	0.2468	0.2692	0.3466	-0.1119	-0.0115	0.0321	0.0782	0.1188	0.1546	0.1993	0.4935	0.5528	0.5790	0.6068	0.6345	0.6616	0.7353
97	97	97	291	1.00	0.70	0.40	0.35	0.30	real effect	10000	fn_passes_fp_fails	53	0.00530	0.0198	0.0668	0.1067	0.1371	0.1651	0.1889	0.1979	0.2011	0.2042	0.2083	0.2173	0.2358	0.2511	0.2877	0.4117	0.4653	0.4926	0.5239	0.5478	0.5746	0.6152
97	97	97	291	1.00	0.70	0.40	0.35	0.30	real effect	10000	neither_passes	9199	0.91990	-0.1984	-0.0158	0.0326	0.0816	0.1293	0.1636	0.2000	-0.3005	-0.0911	-0.0442	0.0103	0.0628	0.1087	0.1997	0.2191	0.3868	0.4324	0.4815	0.5272	0.5647	0.6985
97	97	97	291	1.00	0.75	0.40	0.35	0.35	real effect	10000	fp_passes_fn_fails	1821	0.18210	0.2001	0.2052	0.2134	0.2317	0.2563	0.2841	0.4045	-0.1379	0.0191	0.0640	0.1084	0.1453	0.1727	0.1999	0.4867	0.5597	0.5830	0.6106	0.6450	0.6741	0.7553
97	97	97	291	1.00	0.75	0.40	0.35	0.35	real effect	10000	fn_passes_fp_fails	177	0.01770	-0.0186	0.0949	0.1262	0.1599	0.1781	0.1865	0.1995	0.2000	0.2032	0.2085	0.2247	0.2391	0.2591	0.3362	0.3671	0.4771	0.5077	0.5414	0.5585	0.5914	0.6567
97	97	97	291	1.00	0.75	0.40	0.35	0.35	real effect	10000	neither_passes	7612	0.76120	-0.1277	0.0323	0.0758	0.1193	0.1571	0.1801	0.2000	-0.2302	-0.0431	0.0033	0.0547	0.1025	0.1438	0.2000	0.2449	0.4263	0.4681	0.5106	0.5497	0.5803	0.6760
97	97	97	291	1.00	0.80	0.40	0.35	0.40	real effect	10000	fp_passes_fn_fails	3458	0.34580	0.2000	0.2081	0.2194	0.2408	0.2698	0.3009	0.4377	-0.1150	0.0486	0.0889	0.1294	0.1631	0.1812	0.2000	0.4619	0.5612	0.5859	0.6163	0.6486	0.6790	0.7736
97	97	97	291	1.00	0.80	0.40	0.35	0.40	real effect	10000	fn_passes_fp_fails	438	0.04380	0.0105	0.1095	0.1443	0.1658	0.1815	0.1913	0.2000	0.2004	0.2042	0.2101	0.2224	0.2462	0.2768	0.3604	0.3973	0.4786	0.5060	0.5397	0.5665	0.5916	0.6541
97	97	97	291	1.00	0.80	0.40	0.35	0.40	real effect	10000	neither_passes	4497	0.44970	-0.0943	0.0756	0.1105	0.1479	0.1743	0.1892	0.2000	-0.1777	0.0039	0.0472	0.0968	0.1393	0.1698	0.1999	0.3339	0.4579	0.4927	0.5291	0.5636	0.5922	0.6884
97	97	97	291	1.00	0.60	0.40	0.40	0.20	calibration	10000	fp_passes_fn_fails	22	0.00220	0.2003	0.2045	0.2094	0.2146	0.2198	0.2288	0.2384	-0.1628	-0.1243	-0.0795	-0.0067	0.0311	0.0752	0.1593	0.5247	0.5568	0.5738	0.5859	0.6180	0.6313	0.6952
97	97	97	291	1.00	0.60	0.40	0.40	0.20	calibration	10000	fn_passes_fp_fails	0	0.00000	NA	NA	NA	NA	NA	NA	NA	NA	NA	NA	NA	NA	NA	NA	NA	NA	NA	NA	NA	NA	NA
97	97	97	291	1.00	0.60	0.40	0.40	0.20	calibration	10000	neither_passes	9711	0.97110	-0.2789	-0.1138	-0.0674	-0.0159	0.0361	0.0816	0.1997	-0.4215	-0.2460	-0.1994	-0.1446	-0.0901	-0.0416	0.1490	0.2053	0.3008	0.3435	0.3956	0.4461	0.4945	0.6475
97	97	97	291	1.00	0.65	0.40	0.40	0.25	small real effect	10000	fp_passes_fn_fails	146	0.01460	0.2000	0.2025	0.2065	0.2175	0.2338	0.2551	0.3334	-0.1644	-0.0761	-0.0355	-0.0039	0.0378	0.0770	0.1604	0.5089	0.5554	0.5735	0.6015	0.6299	0.6520	0.6920
97	97	97	291	1.00	0.65	0.40	0.40	0.25	small real effect	10000	fn_passes_fp_fails	1	0.00010	0.0750	0.0750	0.0750	0.0750	0.0750	0.0750	0.0750	0.2096	0.2096	0.2096	0.2096	0.2096	0.2096	0.2096	0.5325	0.5325	0.5325	0.5325	0.5325	0.5325	0.5325
97	97	97	291	1.00	0.65	0.40	0.40	0.25	small real effect	10000	neither_passes	9767	0.97670	-0.2391	-0.0647	-0.0180	0.0346	0.0850	0.1285	0.1999	-0.4341	-0.1959	-0.1476	-0.0932	-0.0400	0.0090	0.1824	0.2157	0.3442	0.3911	0.4411	0.4918	0.5346	0.6725
97	97	97	291	1.00	0.70	0.40	0.40	0.30	real effect	10000	fp_passes_fn_fails	702	0.07020	0.2001	0.2038	0.2092	0.2233	0.2459	0.2704	0.3479	-0.2121	-0.0609	-0.0143	0.0310	0.0743	0.1177	0.1855	0.4987	0.5590	0.5829	0.6081	0.6366	0.6639	0.7488
97	97	97	291	1.00	0.70	0.40	0.40	0.30	real effect	10000	fn_passes_fp_fails	6	0.00060	0.1291	0.1310	0.1349	0.1473	0.1619	0.1779	0.1911	0.2000	0.2054	0.2117	0.2206	0.2290	0.2385	0.2472	0.4714	0.4945	0.5182	0.5443	0.5686	0.5726	0.5767
97	97	97	291	1.00	0.70	0.40	0.40	0.30	real effect	10000	neither_passes	9252	0.92520	-0.2184	-0.0137	0.0334	0.0826	0.1278	0.1633	0.1999	-0.3549	-0.1461	-0.0968	-0.0417	0.0101	0.0561	0.1994	0.2393	0.3884	0.4327	0.4817	0.5264	0.5630	0.7080
97	97	97	291	1.00	0.75	0.40	0.40	0.35	real effect	10000	fp_passes_fn_fails	2127	0.21270	0.2000	0.2055	0.2152	0.2332	0.2599	0.2890	0.3994	-0.1859	-0.0269	0.0189	0.0662	0.1136	0.1448	0.1981	0.4960	0.5599	0.5838	0.6119	0.6433	0.6740	0.7620
97	97	97	291	1.00	0.75	0.40	0.40	0.35	real effect	10000	fn_passes_fp_fails	26	0.00260	0.0681	0.1184	0.1456	0.1698	0.1833	0.1864	0.1880	0.2011	0.2052	0.2084	0.2173	0.2237	0.2458	0.2781	0.4000	0.4931	0.5129	0.5268	0.5664	0.6249	0.6370
97	97	97	291	1.00	0.75	0.40	0.40	0.35	real effect	10000	neither_passes	7735	0.77350	-0.1715	0.0350	0.0784	0.1217	0.1601	0.1827	0.2000	-0.2865	-0.0921	-0.0464	0.0057	0.0573	0.1024	0.1997	0.2366	0.4286	0.4700	0.5125	0.5516	0.5821	0.7072
97	97	97	291	1.00	0.80	0.40	0.40	0.40	real effect	10000	fp_passes_fn_fails	4364	0.43640	0.2000	0.2082	0.2200	0.2435	0.2758	0.3081	0.4555	-0.1446	0.0084	0.0497	0.0941	0.1371	0.1667	0.2000	0.4827	0.5631	0.5874	0.6175	0.6506	0.6853	0.8062
97	97	97	291	1.00	0.80	0.40	0.40	0.40	real effect	10000	fn_passes_fp_fails	88	0.00880	0.0428	0.1074	0.1366	0.1630	0.1811	0.1887	0.1964	0.2000	0.2047	0.2104	0.2190	0.2379	0.2647	0.3496	0.3849	0.4771	0.5008	0.5373	0.5598	0.5912	0.6407
97	97	97	291	1.00	0.80	0.40	0.40	0.40	real effect	10000	neither_passes	4914	0.49140	-0.1007	0.0758	0.1132	0.1484	0.1752	0.1897	0.2000	-0.2097	-0.0476	-0.0014	0.0491	0.0960	0.1351	0.2000	0.3059	0.4559	0.4928	0.5297	0.5619	0.5902	0.6976
